clientid,income,age,loan,LTI,default10yr
1,66155.9250950813,59.0170150669,8106.5321312851,0.1225367512,0
2,34415.1539658196,48.1171531049,6564.7450176774,0.1907515807,0
3,57317.1700630337,63.1080494919,8020.9532963865,0.1399397997,0
4,42709.5342008397,45.7519723522,6103.6422601407,0.1429105321,0
5,66952.6888453402,18.5843359269,8770.0992352044,0.1309895,1
6,24904.0641402826,57.4716071025,15.4985984378,0.0006223321,0
7,48430.3596126847,26.8091324191,5722.5819812127,0.1181610466,0
8,24500.1419843175,32.8975483207,2971.0033097119,0.1212647384,1
9,40654.8925372772,55.4968525395,4755.8252798016,0.1169803923,0
10,25075.8727709763,39.7763780556,1409.2303711145,0.0561986569,0
11,64131.4153722487,25.6795753539,4351.0289707233,0.067845516,0
12,59436.8471228518,60.4719358548,9254.2445380317,0.1556987792,0
13,61050.3460792825,26.3550438546,5893.2646593393,0.0965312244,0
14,27267.9954580963,61.5767758233,4759.7875810455,0.1745558301,0
15,63061.9601742364,39.2015528912,1850.3693770306,0.0293420847,0
16,50501.7266888171,28.2183613214,3977.2874324738,0.0787554742,0
17,43548.6547113396,39.57453035,3935.5444533424,0.0903712062,0
18,43378.1751943752,60.8483179393,3277.7375531263,0.075561905,0
19,20542.3650727607,61.6905707079,3157.4422899707,0.1537039323,0
20,58887.3575488105,26.0760930181,4965.5160662642,0.0843222769,0
21,23000.7840017788,31.7613541707,1148.11805716,0.0499164749,0
22,32197.6207010448,52.4232799197,4244.0571361234,0.1318127565,0
23,23329.3194137514,48.576974534,222.6222986973,0.0095425972,0
24,27845.8008938469,51.9706241027,4959.9212258958,0.1781209758,0
25,65301.9840293564,48.8409217699,5465.2678856546,0.083692218,0
26,47451.6301229596,27.031741309,5361.2827162847,0.1129841631,0
27,63287.0389078744,36.4969755136,9595.2862889299,0.1516153458,0
28,45727.4598698132,55.8399218451,6376.8229488356,0.1394528138,0
29,59417.805406265,30.8582674973,2082.6259381234,0.0350505362,0
30,58842.8913080133,54.5109475637,10871.1867897838,0.1847493648,0
31,48528.8527957164,43.7838086272,6155.7846702554,0.126847933,0
32,23526.3025551103,52.6710122945,2862.0101387461,0.1216515061,0
33,67252.9006074183,38.131907464,4221.3031571448,0.0627675999,0
34,58886.8512935005,38.6615042379,7271.5520324706,0.1234834581,0
35,57584.9737902172,36.6720209196,1728.4237547148,0.030015187,0
36,26289.9723066948,20.6667787344,341.1469659864,0.0129763152,0
37,25952.3814707063,58.1850173026,2109.2007717369,0.0812719547,0
38,32464.091880247,50.2250059168,4326.705073444,0.1332766396,0
39,60921.0631041788,18.840525758,968.8363826746,0.0159031431,0
40,26578.5366925411,32.6760442532,3489.8431363882,0.1313030577,1
41,66260.1215578616,32.8966930676,7035.5891073426,0.1061813492,0
42,58787.4552397989,62.641302852,4167.7867239193,0.070895852,0
43,62545.7087112591,49.0404332359,4362.9058119804,0.0697554781,0
44,24381.9534475915,25.2523307088,4227.0189863608,0.1733667073,1
45,67852.1058685146,47.3218990602,5730.5882513847,0.0844570434,0
46,41725.6128555164,18.1300383634,1185.2146998462,0.028404968,0
47,41896.9715991989,47.2507310347,4892.209733649,0.1167676218,0
48,44379.7296541743,50.0886712889,1814.3350815991,0.040882067,0
49,28416.8993751518,57.9287192984,1788.973735919,0.0629545719,0
50,68427.163111046,46.3082401934,1658.0702332124,0.0242311702,0
51,35975.7949295454,35.7086517671,6610.3661788775,0.183744826,0
52,57596.3540980592,29.2460566033,3344.3844014316,0.0580659046,0
53,29681.8830934353,54.9592871876,1745.871674189,0.0588194377,0
54,51656.9386748597,47.7150637005,7158.1390602894,0.1385707176,0
55,24912.8426820971,49.3663711972,267.6962986018,0.0107453133,0
56,47761.8240681477,50.0981590673,5549.7991278758,0.1161973864,0
57,22248.1792024337,23.4436241724,4364.9752805952,0.1961947196,1
58,29724.4768752716,31.9685264034,3075.3457279324,0.1034617275,0
59,52143.8236744143,20.8376339208,2393.0996785886,0.0458942116,0
60,56577.7228609659,36.8478006818,5947.4217212989,0.1051194962,0
61,37660.7707166113,53.7450604746,2129.5971648113,0.0565468291,0
62,37403.7953955121,47.9441217002,2044.0470453407,0.0546481186,0
63,31652.6937345043,62.0238024718,5151.0704453905,0.1627371904,0
64,32727.7007326484,34.4748710068,1087.9193637513,0.0332415458,0
65,69078.6048118025,25.1075240481,4076.5839141648,0.0590136979,0
66,40622.1948727034,41.5271887868,4949.9023334445,0.1218521636,0
67,37521.0171728395,60.5410774336,8.0120762471,0.0002135357,0
68,30735.8084991574,22.2420977438,5946.82229678,0.1934818893,1
69,24857.6948815025,21.5986763537,2692.1634585589,0.1083030213,0
70,33180.2015937865,49.5659772772,4621.997742422,0.1392998692,0
71,66628.2600886188,52.3838734385,5992.8850924393,0.0899450936,0
72,38564.9321298115,21.2164916703,5604.1699904829,0.1453177714,1
73,33704.5084964484,33.183106232,5898.0008931423,0.1749914524,1
74,57018.4848317876,44.8257153076,3507.2521660722,0.0615107921,0
75,40526.9027850591,28.6063759574,2119.984911479,0.0523105583,0
76,50827.9805234633,51.0129371877,1765.9833371634,0.0347443144,0
77,40775.8115953766,60.2887568264,1922.6100223273,0.0471507481,0
78,55467.1514127403,56.8513309574,9226.902040898,0.1663489436,0
79,38789.0293891542,61.2292854288,7650.655209881,0.1972376038,0
80,58074.8401279561,50.0749242743,7388.0244399742,0.1272155795,0
81,57814.1063381918,43.8309230963,7252.1200039709,0.1254385904,0
82,45190.7291822135,53.8395200036,7893.5598885064,0.1746721071,0
83,36801.9071803428,43.0279434239,5406.3449264973,0.1469039335,0
84,68811.7794157006,24.0382653452,4211.3026107197,0.0612003155,0
85,30483.2955286838,33.6564412359,4514.0097801129,0.148081423,1
86,44930.3941731341,19.7773858458,7708.3156249701,0.1715612731,1
87,43671.4565544389,25.5850369763,8066.6978652402,0.1847132773,1
88,27612.9148015752,19.2124481862,1513.6241996701,0.0548158067,0
89,53607.3269252665,27.5617124047,2378.7661730363,0.0443739002,0
90,33036.6831202991,25.0633674175,958.9798221228,0.0290277271,0
91,64275.8348886855,61.4409130015,7520.0320530878,0.1169962563,0
92,30673.8375034183,59.3338370761,383.1075693524,0.0124897176,0
93,58793.6143088154,56.4944104054,4391.9810536515,0.0747016679,0
94,21053.4906177782,63.3794076466,754.6018821428,0.0358421269,0
95,42095.4222022556,55.3661880465,1183.7045682576,0.0281195557,0
96,50360.6787929311,28.8395424685,4217.1668230748,0.0837392768,0
97,41970.7244774327,63.1699139439,1622.317392326,0.0386535475,0
98,51663.410179317,63.7357102409,4147.8885848744,0.0802867749,0
99,53601.8124362454,20.240621272,9601.3754821711,0.1791240827,1
100,43439.98872675,24.179470323,6879.3060070428,0.158363439,1
101,51461.0531670041,36.651558625,7292.2641768626,0.1417045266,0
102,41285.1723073982,47.9763081614,2313.8250047974,0.05604494,0
103,62895.7497701049,49.9226037161,2001.2815139103,0.0318190263,0
104,57296.1608227342,25.7084823274,10601.0827828556,0.1850225675,1
105,60844.0924948081,45.6552049979,12072.2557579712,0.198412948,0
106,47634.5495483838,44.2948713298,141.7038179464,0.0029748118,0
107,23998.3236929402,29.9100334882,3928.3039085183,0.1636907627,1
108,63391.6159672663,34.7392676645,190.8892748169,0.0030112701,0
109,21534.5512190834,44.3150380226,228.3353869689,0.0106032108,0
110,28255.6525128894,35.5140173663,2109.2427976728,0.0746485255,0
111,36496.1339323781,19.5157164894,165.5060901187,0.0045348938,0
112,41631.6662961617,53.0476547657,106.0907471794,0.0025483185,0
113,68762.4166649766,20.9912433564,2796.752303124,0.0406726878,0
114,30075.2649246715,29.2350565218,2628.5779228427,0.0873999923,0
115,41302.6741752401,38.6606185785,1379.9131242583,0.0334097768,0
116,39703.759427648,47.4687409927,2403.4782156905,0.0605352805,0
117,63161.0920350067,59.6751149814,804.0924414768,0.0127308192,0
118,63062.1420964599,26.5857784841,56.1661643873,0.0008906479,0
119,34507.5279055163,38.5877833911,1793.7502554251,0.0519814187,0
120,27954.7077650204,29.9045216716,1627.0414050731,0.0582027692,0
121,37369.3820601329,35.3419488417,3783.6011509908,0.1012486946,0
122,43912.0627404191,23.8219211781,7757.1367886993,0.1766516147,1
123,22766.7745016515,29.3259014729,1429.4017623047,0.0627845531,0
124,21603.3057007007,21.3750333181,178.333870987,0.0082549344,0
125,61952.9066886753,18.4774250188,3635.6005890215,0.0586832932,0
126,36116.3650918752,22.5358841913,1494.9845683243,0.0413935501,0
127,26157.7772721648,22.8269377253,2295.8116564185,0.0877678418,0
128,26458.3832048811,59.5229867357,552.3981664054,0.0208780016,0
129,69156.3037736341,53.4108624998,7364.7355776451,0.1064940602,0
130,39441.4447643794,46.7538959244,1034.7588383331,0.0262353178,0
131,60119.0658099949,45.0769692315,1810.9604596642,0.0301228975,0
132,55613.4854606353,24.3771287729,4255.2521372009,0.0765147536,0
133,37049.3862358853,29.4230185477,6056.8172137731,0.1634795561,1
134,23122.0649252646,53.3095358415,4263.4930307689,0.1843906695,0
135,48790.1324336417,32.4756210591,5519.0960395704,0.1131191035,0
136,59132.6851560734,48.3449929575,4575.5276354275,0.077377302,0
137,55305.5748273619,53.5822798652,8176.7071654833,0.1478459846,0
138,26037.4636435881,24.7831077934,3293.2508787103,0.1264812473,1
139,64899.8050298542,38.1160166832,4654.2492170836,0.071714379,0
140,27089.1243172809,21.2076896024,5029.4887815462,0.1856645022,1
141,45341.4746373892,22.5695683574,6525.2184225992,0.1439127967,1
142,24865.7980747521,37.3097529393,4439.1161542081,0.1785229712,0
143,28239.5432051271,26.1922096619,4189.8325680448,0.1483675758,1
144,52730.0805016421,50.2377849855,5706.3253225358,0.1082176486,0
145,28982.0581488311,39.0484098746,2898.7618238762,0.1000191846,0
146,36221.2660070509,26.1015004199,5094.6700842702,0.1406541142,1
147,33551.1243715882,58.8569274861,4333.3608624306,0.1291569491,0
148,43891.3559704088,49.1538267019,5792.9063332681,0.1319828519,0
149,45148.8857204095,60.5250064535,6455.3917717801,0.1429800906,0
150,58481.0121613555,40.8329182346,5380.5605960752,0.0920052577,0
151,69579.9292111769,57.7562431647,10868.2414720072,0.156197938,0
152,52743.3085651137,44.0485165128,2684.7006706517,0.0509012564,0
153,65635.6615293771,51.1677144752,12701.603475,0.1935168044,0
154,34559.9070354365,29.1121819927,3317.5298740907,0.0959935995,0
155,60218.5315266252,32.4718877156,3157.9610817063,0.052441682,0
156,51689.5485389978,46.1541915215,9881.9760062067,0.1911793832,0
157,47541.614335496,55.2345850714,1611.2165971942,0.0338906581,0
158,62905.7930246927,27.909651964,11423.9362953488,0.1816038833,1
159,65632.6045794412,47.1057667518,12498.0404543763,0.1904242645,0
160,31847.8537187912,41.4163357611,2913.7699313303,0.0914903075,0
161,27947.4402824417,58.3484551762,5514.1174214255,0.1973031292,0
162,62246.7272495851,31.0818845071,406.7207693058,0.0065340105,0
163,40154.6885655262,60.5296831951,6013.1528740037,0.1497497077,0
164,58627.5548837148,33.1156532462,1215.6525598048,0.0207351741,0
165,33441.0510654561,27.8734861887,5282.7285603084,0.1579713673,1
166,55603.7867954001,43.8394727889,1411.1300804974,0.025378309,0
167,31046.3789664209,29.2973987455,4907.6740844678,0.1580755711,1
168,44708.0998728052,21.1087735659,2390.8505965863,0.0534769002,0
169,23340.2706962079,42.8286152952,2707.760938963,0.1160124051,0
170,24830.1819711924,28.9702452291,2046.6850503448,0.0824273077,0
171,31422.7473852225,53.898080206,1686.8359018397,0.0536819993,0
172,60477.2338457406,60.4021064555,10711.700895547,0.1771195575,0
173,26039.0214901417,49.39040223,2056.7523822824,0.0789873146,0
174,36186.8480732664,50.5067522144,1130.7352653068,0.0312471333,0
175,39772.1187258139,43.7254478061,5492.8936893799,0.1381091545,0
176,34730.1640710793,63.3762330119,818.5084418877,0.0235676526,0
177,23118.4833147563,57.5810503219,1746.9365590256,0.0755644968,0
178,50072.8476257063,33.0152727491,8088.5680185681,0.1615360101,1
179,67465.0623858906,23.6110538482,1802.6169940416,0.0267192667,0
180,38625.6320099346,19.6300378023,5836.5633814593,0.1511059646,1
181,45227.482826449,26.7231624448,5521.5074051112,0.1220830137,1
182,64901.8977349624,44.9388158494,9589.833525072,0.1477589078,0
183,40543.9135432243,51.4608756178,6507.8501914893,0.1605136165,0
184,27793.2667220011,60.5169084747,382.2489041104,0.0137532917,0
185,61167.774819769,20.5836314359,10396.6181477631,0.1699688795,1
186,64619.6646196768,26.0420926865,9704.7824094498,0.1501831132,1
187,37593.7578664161,54.0104153105,7274.3256282236,0.1934982306,0
188,35032.6495990157,56.7246256219,135.9316844947,0.0038801428,0
189,58364.4649758935,55.5965494788,5809.8990004485,0.0995451428,0
190,56945.8104134537,45.5540205068,6388.3698262335,0.1121833157,0
191,27204.8485511914,29.0720967199,3827.8939146126,0.1407063122,1
192,21648.261025548,52.5870399242,3558.5272615577,0.1643793586,0
193,31077.8568894602,44.2215166972,4452.3306791919,0.1432637616,0
194,42522.9224073701,53.8686510776,6790.8502633585,0.1596985785,0
195,31769.247718621,44.7743805875,1148.2214359268,0.0361425441,0
196,35556.779911276,23.7774331844,6361.9734381015,0.1789243417,1
197,52908.8242375292,53.6956359204,9841.0805527096,0.1860007417,0
198,35045.1314053498,28.6532836552,2382.4667721656,0.0679828175,0
199,44488.1644845009,33.431205485,2751.088842931,0.0618386682,0
200,41679.9371177331,53.6699082404,395.0007750871,0.0094770003,0
201,54619.9471969157,52.4244221742,10780.2718821749,0.1973687716,0
202,38053.6231258884,26.206880325,6110.5727924365,0.16057795,1
203,64718.6617762782,37.2764920085,1485.0799354113,0.0229467034,0
204,43159.0849696659,62.4420966911,4350.019896742,0.1007903643,0
205,29445.5105019733,28.4456774769,1758.8818646626,0.0597334478,0
206,25817.3898840323,37.9454801898,4115.4847193336,0.1594074667,0
207,66356.8567414768,61.5248488286,10725.4847277828,0.1616334054,0
208,56676.1579993181,46.6789695257,2278.5543485418,0.0402030488,0
209,61000.0427742489,48.6236102139,2160.7849080213,0.0354226786,0
210,58906.2516856939,42.0493419757,9290.5753449239,0.1577179854,0
211,49589.1537214629,42.775255885,2627.4054884209,0.052983471,0
212,40141.6035415605,56.1514183846,845.3663712741,0.0210596064,0
213,31659.7282118164,31.9281536792,858.5113879992,0.0271168275,0
214,62658.2216285169,25.4631600711,3343.36716094,0.0533587943,0
215,39264.4834984094,37.0277528418,5255.7882831398,0.1338560402,0
216,46643.1264812127,53.4050833671,6440.8614342258,0.1380881154,0
217,30515.3721175157,20.1618777225,415.240434974,0.0136075822,0
218,65077.322027646,50.9791347058,11061.8118946308,0.169979519,0
219,60871.8690043315,61.2601441988,4844.1722236387,0.0795798175,0
220,25011.1038959585,36.2151896632,3834.0427822767,0.153293625,0
221,68407.1855084039,60.9375815815,597.944065528,0.0087409541,0
222,43727.4393439293,55.1925993469,1170.5563339931,0.0267693776,0
223,45788.7471001595,41.261946226,5894.0413167281,0.1287224851,0
224,65705.0108234398,50.9284318453,1969.7941341929,0.0299793594,0
225,32434.7025062889,41.3531710147,2738.4404960777,0.0844293391,0
226,58121.6685753316,27.3018002296,7531.1012485039,0.1295747599,1
227,62498.5072459094,31.9096907987,3312.877621538,0.053007308,0
228,26090.7258768566,48.0785200722,4255.6263918199,0.1631087771,0
229,64780.93853686,20.2281011762,8402.415585757,0.129705061,1
230,65588.4034163319,22.9182122629,7879.7381360124,0.1201391973,1
231,65743.7036675401,52.3005040959,7724.5714137745,0.1174952274,0
232,37164.5215828903,47.2954547601,1445.8021891438,0.0389027526,0
233,65176.5297795646,48.9632109753,2365.2874903999,0.0362904791,0
234,34615.5421738513,25.514389649,6476.7608520614,0.187105573,1
235,59079.4650535099,58.6383316047,10326.0897733222,0.1747830615,0
236,56267.1716371551,22.4861360388,7329.2431638226,0.130257892,1
237,34862.8212860785,54.9648733116,6040.7720618317,0.1732726107,0
238,60521.3641002774,45.4249930051,8035.8831727802,0.1327776281,0
239,42276.7829080112,57.9306961889,8055.3050841239,0.190537324,0
240,38451.1777129956,63.4214554904,3441.2614162126,0.0894969054,0
241,45985.1086535491,53.5338888033,7382.0564261375,0.1605314556,0
242,51000.4224418662,27.8029975118,778.7326955549,0.0152691421,0
243,31523.1077652425,40.4461679389,5174.5705686918,0.1641516632,0
244,28648.6767511815,18.3969698278,1870.9252528541,0.0653058174,0
245,27514.4279631786,21.8976978017,3400.9107438857,0.123604632,1
246,27441.0003842786,37.3990698862,1455.0476020381,0.053024583,0
247,67709.2415909283,50.4129322777,5136.8193075102,0.0758658521,0
248,38600.7071868517,44.7227962231,2749.0801906343,0.0712183893,0
249,30950.295405928,26.310194327,5043.1486365608,0.1629434734,1
250,27083.8228682987,60.6666585184,3286.2128815587,0.1213348979,0
251,21512.7452672459,24.7795283021,2453.3761214987,0.1140429123,0
252,34796.0035596043,58.4878998776,443.6665381132,0.0127505027,0
253,27089.3928408623,51.2941970383,1851.3115629901,0.068340829,0
254,25259.4016306102,39.7397662643,4341.0080819425,0.1718571226,0
255,47007.3135849088,45.0197964297,4069.4026461365,0.0865695641,0
256,20358.665024396,53.6151803117,1064.6869178866,0.0522964996,0
257,67900.2265259624,43.5143038421,7902.7429652236,0.1163875788,0
258,54418.4709945694,55.2220663037,5630.7412209843,0.1034711398,0
259,51288.5546940379,29.9207484745,6536.9663629454,0.1274546807,1
260,28199.6016320772,36.6687041712,3871.6889019341,0.1372958722,0
261,22199.6151423082,60.1048188834,1498.3909185188,0.0674962565,0
262,50514.4696263596,57.3796501425,2003.6535703695,0.0396649432,0
263,34414.2403383739,54.5301724006,617.5387521973,0.0179442796,0
264,37633.0874324776,29.4214125732,868.1624732744,0.023069127,0
265,55235.5040726252,47.005260142,4910.5476582357,0.0889020158,0
266,45587.5518429093,62.0221380731,8366.6142677022,0.1835284838,0
267,52757.7949385159,53.0822144486,2321.2063142309,0.0439974096,0
268,41174.8081259429,52.3393763732,2888.4447099632,0.0701507752,0
269,25685.5352013372,39.0091894618,490.7429211356,0.0191058087,0
270,28145.3029997647,55.5476296111,4805.971549084,0.1707557225,0
271,52094.2183723673,40.8445077632,495.0211991543,0.0095024211,0
272,33552.3859760724,25.1596109355,6054.2441263584,0.1804415379,1
273,37400.9337672032,50.1084866761,1693.1373780329,0.0452699226,0
274,21605.7250904851,23.2381696003,2828.308618256,0.1309055172,1
275,57562.891736161,56.6005673469,8508.8353991243,0.1478180672,0
276,62288.5396052152,25.6021726369,10657.1061233567,0.1710925668,1
277,22767.2642027028,45.1232806812,1205.786012738,0.0529613924,0
278,20943.0433274247,19.8196311858,4098.1157895498,0.1956790962,1
279,20622.860097792,30.4140330967,3518.4526294613,0.1706093438,1
280,48436.6646315902,49.0278497678,5851.4097886154,0.1208053823,0
281,27574.6341841295,57.6437090645,1017.3961595341,0.0368960891,0
282,62889.362142887,33.2456503003,6525.1517925379,0.1037560498,0
283,37683.2004915923,55.5872108615,7414.552853226,0.1967601678,0
284,54974.4554958306,61.9842032283,8922.1997168134,0.1622971912,0
285,56326.0866724886,40.4054552191,4816.7760741198,0.0855159014,0
286,65670.8834390156,50.0046984688,3950.8701721497,0.0601616723,0
287,50730.7333918288,41.9700667928,1879.0596623744,0.0370398679,0
288,64184.9157912657,46.4470364344,1854.2396131805,0.0288890246,0
289,66179.3241091073,48.1207991494,3646.9378597937,0.055106907,0
290,24969.5268040523,45.1209932161,3595.5019417292,0.1439955979,0
291,54925.518266391,40.8056031088,554.4883448103,0.0100952774,0
292,67879.2480193079,43.5972086615,10433.4743453989,0.1537063926,0
293,67787.526762113,53.3623404414,9607.4988466181,0.141729597,0
294,31657.6193016954,37.7786642946,1448.0719835846,0.0457416576,0
295,36559.1350290924,19.7161760875,3030.2672408227,0.0828867324,0
296,57787.5656588003,22.6446692147,6339.8508444868,0.1097096023,0
297,42521.7260071076,47.7042887476,2661.6125159602,0.0625941787,0
298,51935.1806305349,21.4955053329,5649.4524684898,0.1087789125,0
299,45677.8761278838,51.6930556223,2966.246125205,0.0649383548,0
300,51363.5958125815,21.0219965987,761.4224041848,0.0148241647,0
301,27218.5610304587,55.171019956,4145.0035870586,0.1522859192,0
302,43677.6292207651,32.5530303521,6739.8585984928,0.1543091674,1
303,21533.5955074988,57.9016834628,1971.554219965,0.0915571308,0
304,28010.1909348741,55.366899665,3971.1554788077,0.1417753805,0
305,51589.2827464268,50.3134648902,56.9909740698,0.0011047057,0
306,50480.9526889585,27.0803906261,8831.1843654479,0.1749409212,1
307,43957.35058235,21.1448488398,5416.3577980789,0.1232184771,1
308,61878.3465516753,33.0063595413,567.6687734239,0.0091739486,0
309,60153.3369673416,20.3008601284,6472.347007245,0.1075974723,0
310,33388.5833434761,62.0016749538,4551.8768886077,0.1363303391,0
311,41310.4017777368,53.57694074,4481.1622125285,0.1084753965,0
312,25576.9539321773,51.9322680468,1922.6566258696,0.0751714466,0
313,51455.0984534435,37.2856837031,9447.1171574244,0.1835992436,0
314,48134.1569265351,47.9696752322,2075.5961124218,0.0431210651,0
315,51348.5273043625,52.4367397828,1507.8913408442,0.0293658148,0
316,20532.8237311915,54.623233851,1897.780820872,0.0924266845,0
317,33297.2140214406,46.5799600426,3674.7413401435,0.110361826,0
318,55858.5492358543,25.8665337795,5630.4449723534,0.1007982672,0
319,43777.5184796192,20.0109276962,3601.2996852869,0.082263678,0
320,27789.5190566778,58.5191334835,186.8280739329,0.006722969,0
321,36132.4238753878,34.2942604152,99.4495914003,0.0027523642,0
322,20145.9885970689,21.282783723,839.8390632085,0.041687657,0
323,63108.7073870003,43.1939415303,5757.848995027,0.0912369978,0
324,26581.6145273857,61.9533737507,5090.3927744069,0.1915005113,0
325,62040.8896286972,62.0498009701,7643.6310461072,0.123203118,0
326,69958.7055412121,30.5360198994,8755.6919767255,0.1251551456,1
327,38082.5195158832,45.519977238,4213.4652594876,0.1106404018,0
328,45183.0541761592,33.8955782177,5953.453523709,0.1317629725,1
329,36242.4479611218,39.4154707887,5688.9948491191,0.1569704909,0
330,44527.2589032538,42.0900922776,4588.4722858794,0.1030486133,0
331,40496.2558229454,20.1054587159,4834.6037976649,0.1193839702,0
332,24698.6693050712,48.9125574674,2427.650787795,0.0982907523,0
333,60560.3055260144,49.7505856687,1994.6211339085,0.0329361141,0
334,48018.211456947,50.2041390226,6120.090021074,0.1274535189,0
335,30216.2519586273,26.5637165341,2116.5373101406,0.0700463219,0
336,61742.2399506904,44.8726078076,8068.3197035124,0.1306774699,0
337,47288.4266683832,62.4284668569,4004.9888524874,0.0846927913,0
338,24658.8993165642,59.4365005721,590.5980811942,0.0239507074,0
339,64644.3481021561,58.8406567499,9848.1714489399,0.1523438899,0
340,57517.7241396159,52.4860697873,4536.8572094026,0.0788775508,0
341,52945.5477884039,54.6319151935,6262.0079452965,0.1182726066,0
342,36366.9904111885,47.1914100861,371.0408950117,0.0102026836,0
343,62113.7295663357,27.8844150044,11928.5098562393,0.1920430465,1
344,62279.5195016079,26.6664690534,6801.4058925033,0.1092077451,0
345,61799.0849586204,56.9579610438,5619.2176036477,0.0909271975,0
346,50139.7400093265,30.2678123456,7758.7998227781,0.1547435192,1
347,69566.6843489744,52.9670877066,9875.0371825976,0.1419506661,0
348,44897.4883696064,51.3580610543,5732.3990322661,0.1276774991,0
349,22572.3027647473,51.0162404198,724.1931884792,0.0320832658,0
350,37123.0796375312,19.946684496,5659.5092778741,0.1524525803,1
351,68744.788649492,60.7300558584,5207.8831167992,0.0757567696,0
352,21081.1941814609,52.3828332629,2395.1653496084,0.1136162083,0
353,58828.2921165228,32.4029204347,5947.6454682859,0.1011017872,0
354,46706.4588610083,18.8303362895,7084.2635090706,0.1516763138,1
355,32312.8533829004,28.1553204707,228.3308036237,0.0070662532,0
356,60778.7650241517,43.0130229774,10021.0492234587,0.1648774736,0
357,30948.0415470898,42.7513535996,3995.8072949587,0.1291134138,0
358,60122.0115716569,62.9096049448,7189.3507350953,0.1195793445,0
359,43321.6811204329,32.2862543464,743.8671410132,0.017170782,0
360,47904.3412418105,40.0392702394,6183.51414637,0.1290804546,0
361,58597.3832453601,53.2880337355,2588.4902659001,0.0441741614,0
362,66091.9059114531,24.2041407018,8743.5097012238,0.1322931996,1
363,47316.7013772763,27.064197721,1940.6740439249,0.0410145675,0
364,40872.6397715509,54.9480615598,5312.4917062428,0.1299767212,0
365,35154.4934837148,52.8992132419,4037.7196037479,0.1148564295,0
366,32222.8188090958,61.8106158781,934.4771331285,0.0290004775,0
367,40447.6729617454,22.4929238483,1072.1926587435,0.026508142,0
368,48463.2045542821,50.5264297505,8120.2580899123,0.1675551207,0
369,42843.0991293862,28.6317861332,839.8690240153,0.0196033677,0
370,50310.4224381968,53.0386968642,8361.7191002815,0.1662025222,0
371,57565.1999609545,37.7378544868,5353.5616539071,0.0929999663,0
372,55066.1829696037,55.7392006991,9332.7026663338,0.1694815613,0
373,46065.9482097253,52.8386391988,4947.3087275959,0.1073962204,0
374,38309.5856569707,55.4291344974,3545.7239712841,0.092554485,0
375,54472.1447560005,59.2459849967,10836.3830881501,0.1989343937,0
376,58695.0943968259,29.7744096327,1826.5163022944,0.0311187216,0
377,54748.9123116247,31.5968586425,5438.0936932961,0.0993278855,0
378,46328.171917703,56.8408306357,7879.6762084306,0.1700839011,0
379,49633.327468764,38.9890088886,7915.3134433094,0.1594757766,0
380,66339.7838757373,35.591905213,2350.8915080884,0.0354371294,0
381,62650.7196621969,33.4840662708,6425.36536372,0.1025585244,0
382,27646.7800536193,56.311668782,3132.1486918114,0.1132916269,0
383,21437.6157545485,45.7314004921,2563.9608729889,0.1196010276,0
384,50648.1984443963,56.5173067129,7110.7558333142,0.1403950397,0
385,29670.6718439236,53.55019966,2928.9840876373,0.0987164734,0
386,20258.538662456,29.1155316215,2767.8372998142,0.1366257135,1
387,34475.2179738134,42.3079184592,3162.1338373513,0.0917219389,0
388,28926.4324633405,62.0652512829,750.0671069985,0.0259301629,0
389,20660.6689537875,49.3638810948,1756.0376249661,0.0849942288,0
390,24987.9340920597,49.0651086378,3946.8982456222,0.1579521633,0
391,29672.5608105771,51.0198048097,607.9094841881,0.0204872605,0
392,23241.5998866782,40.8477560305,457.1966172084,0.0196714778,0
393,24217.2287590802,23.5107674832,2104.3843228786,0.0868961657,0
394,65574.0933422931,23.5130425245,3031.2463260619,0.0462262789,0
395,55994.4587922655,31.1392572043,680.6196960712,0.0121551259,0
396,67369.3321226165,57.6342398361,2299.4181716088,0.0341315269,0
397,23305.7714928873,28.2175287632,4521.0043115125,0.1939864687,1
398,35195.4663451761,49.6584056043,2836.9881784567,0.080606637,0
399,27135.0726182573,54.8364598048,1387.248801058,0.0511238286,0
400,24037.1651411988,23.3115743245,2469.364426011,0.1027311004,0
401,51625.3132303245,44.8088411903,4592.2455504509,0.0889533693,0
402,50705.7662634179,53.2058221558,1096.967075369,0.021633971,0
403,58079.1569012217,18.6630267929,11540.0458116507,0.1986951331,1
404,62192.4670692533,46.0507889031,1863.891002713,0.0299697229,0
405,62553.6684109829,63.9249755815,4641.7047845224,0.0742035584,0
406,68147.9573179968,22.9843944823,12307.5623225278,0.180600605,1
407,27619.6614070795,47.5405059303,2774.8327811003,0.1004658508,0
408,65330.1928355359,28.5899873124,4030.8036920921,0.0616989407,0
409,26680.1458364353,47.7617399828,1671.1849239185,0.0626377732,0
410,46104.5989114791,51.0563588943,2342.472920881,0.0508077931,0
411,44904.5976437628,44.2066866555,4953.7735993987,0.1103177371,0
412,52934.5944337547,50.4029816468,3248.627718418,0.0613705981,0
413,43509.7577562556,18.0753358607,7363.0376385201,0.1692272726,1
414,22118.3573291637,63.0159466909,3928.1218464786,0.1775955505,0
415,56275.4100235179,30.2498714165,2224.8841598974,0.0395356366,0
416,48630.9795337729,27.0216773641,5862.8330291567,0.1205575764,1
417,64272.6999986917,37.778014774,4929.8788184935,0.0767025318,0
418,24349.0029522218,53.7525228346,3890.4710496591,0.1597794808,0
419,34332.3152558878,36.501370898,1225.7202233131,0.0357016477,0
420,64940.241088625,43.9410412409,8196.9307255258,0.1262226716,0
421,30595.7480147481,40.9114946299,3495.0698810157,0.1142338432,0
422,53422.2162491642,28.1885305173,7441.7596167614,0.1393008403,1
423,69995.6855783239,52.7196732108,2084.3708609028,0.029778562,0
424,48270.7962440327,45.3058510269,6232.2803986105,0.1291107851,0
425,27028.1555876136,48.1095946743,331.3643086956,0.0122599675,0
426,23519.8660916649,34.3937068642,2368.38123065,0.1006970542,0
427,37302.0833986811,35.0154038901,2366.1742401274,0.0634327637,0
428,55601.2718519196,18.8429928976,10533.4551622879,0.1894462988,1
429,62678.6454510875,25.8393941298,333.4413981458,0.0053198565,0
430,41602.4339781143,25.2598693897,7005.0792919714,0.1683814773,1
431,27533.0013292842,46.7659284594,1551.4202880312,0.0563476633,0
432,30594.1765592434,50.0438201013,118.3421421434,0.0038681264,0
433,47846.9459037296,24.4183572857,3713.2626882921,0.0776070994,0
434,55273.2750005089,25.4163910276,10282.9974457346,0.1860392286,1
435,23086.2554092892,24.8499603327,1256.40115951,0.0544220419,0
436,29621.2748787366,32.4554232853,5575.2536907666,0.1882178844,1
437,47533.9209474623,39.9551940658,6637.770870559,0.1396428222,0
438,62519.1841786727,44.4099749592,2324.5477054729,0.0371813506,0
439,50878.9590373635,44.965125822,3257.0126292118,0.0640149227,0
440,58580.9595114551,56.6269513378,4317.7154782275,0.0737051,0
441,69445.6494459882,28.8182737702,10643.404179057,0.1532623608,1
442,60929.172351025,60.0587776736,11146.0744599728,0.1829349395,0
443,35496.6654954478,47.0027460703,168.0547852831,0.0047343823,0
444,33572.4234976806,57.4422193584,3369.377023065,0.1003614476,0
445,55306.9143486209,20.1403118158,5272.535013988,0.0953322939,0
446,34141.9276362285,47.1511486731,3371.6643103609,0.0987543629,0
447,40453.8909485564,20.7098928331,890.9395352564,0.0220235808,0
448,69088.7774154544,53.9356266344,11246.488154757,0.1627831404,0
449,30885.6922015548,55.1507588206,5216.3540911712,0.1688922514,0
450,58683.2263204269,24.8449592968,271.7344684867,0.0046305305,0
451,60675.8121564053,39.9639062001,11617.7489093447,0.1914724912,0
452,68460.680025164,35.7756003877,949.9566246969,0.0138759449,0
453,63653.8399080746,27.5153688779,8866.5271852988,0.1392928879,1
454,42522.5757574663,18.3261221554,5036.2552804736,0.1184372111,0
455,54140.4291335493,30.8888927312,7896.2237660973,0.1458470849,1
456,47548.3626173809,47.8391001374,6153.9365638338,0.1294247841,0
457,24114.012257196,52.3358155498,3900.8296008479,0.1617660951,0
458,20686.2390902825,33.2805235568,3052.5766906146,0.1475655714,1
459,21412.3086119071,26.3827103931,2639.7101263171,0.1232800337,1
460,69391.1465979181,63.8006709074,2550.2651474887,0.0367520249,0
461,32319.2622209899,42.9319930766,2733.4205586597,0.0845755865,0
462,52862.9471361637,47.3313971204,9754.1522389367,0.1845177533,0
463,48383.2761459053,39.7047263035,2763.2639548452,0.0571119646,0
464,36430.5384038016,38.2274417519,5855.1855941353,0.1607219067,0
465,44268.8940139487,27.9331710166,6043.1431063316,0.1365099183,1
466,63806.3292531297,56.6321662031,114.4999674062,0.0017944923,0
467,46195.7771726884,32.4135985887,927.0675938508,0.0200682324,0
468,23743.1607721373,42.7345777163,3254.7489503207,0.1370815361,0
469,22089.8374845274,21.2967032683,2584.0220377787,0.1169778655,0
470,54707.2885138914,44.2378814584,10255.1901115656,0.187455646,0
471,23203.647187911,58.5688760667,749.1453684101,0.0322856731,0
472,25342.2506782226,40.3611400882,871.5300911323,0.0343903982,0
473,31645.6328192726,32.16327128,5193.8381966377,0.1641249592,1
474,32306.8084008992,21.9063058435,3603.3640781354,0.1115357492,0
475,61262.8163234331,49.4130304074,5564.1636031379,0.0908244827,0
476,26388.7272961438,19.3715205356,1191.3321378536,0.0451454943,0
477,53009.4254342839,36.0744793792,3589.2535062967,0.0677097229,0
478,58163.5406753048,58.7474846952,2237.927764241,0.0384764706,0
479,38665.0339281186,55.1259217481,6152.0048331183,0.1591102919,0
480,25289.0472230501,53.3427248104,3701.5376017225,0.1463691996,0
481,66049.9340319075,29.3157673976,13172.6812981319,0.1994351923,1
482,56282.9825258814,62.3698885972,8215.5583839995,0.1459687816,0
483,35778.6152325571,30.6282073753,5544.6546835025,0.1549711929,1
484,29174.2403106764,18.5286279926,665.5770001213,0.0228138588,0
485,55934.4325610436,60.7552497629,5643.179899329,0.1008891955,0
486,32256.8615246564,20.0963994744,2809.3221848422,0.0870922356,0
487,68052.8069194406,28.7588016791,1415.7182626048,0.020803231,0
488,26957.0538704284,55.2648774106,4172.9882381066,0.1548013465,0
489,48685.0420176052,32.5332560278,9698.582169129,0.1992107179,1
490,38288.0710810423,28.7354316162,1723.3993728988,0.0450113919,0
491,42468.0208251812,28.6258191755,1902.2656103548,0.0447928953,0
492,55377.7730255388,46.9182215245,6882.8734158971,0.1242894584,0
493,54231.7027854733,21.2742106393,10156.1423121761,0.1872731593,1
494,53283.2587067969,49.004692913,4065.2187953052,0.0762944852,0
495,52534.7854755819,47.1836194796,3810.1318418454,0.0725258856,0
496,47847.5156286731,26.6518377718,8494.0164306975,0.177522622,1
497,59998.253271915,54.3089268133,4659.5359758594,0.0776611938,0
498,58684.5130124129,31.7322647488,5415.8174167356,0.092286996,0
499,49114.7879324853,61.4815225499,6388.8503602066,0.1300799745,0
500,57179.4020058587,21.3731215778,2991.9673507144,0.0523259643,0
501,69395.1164768077,23.9513885803,11047.6843350607,0.1591997376,1
502,43963.7380116619,41.5538422251,4481.436860806,0.1019348459,0
503,66326.4724705368,40.9803287508,5602.1600217843,0.0844634098,0
504,35886.7268357426,34.6683487799,843.7490920206,0.023511453,0
505,35578.2341142185,42.3945969995,3640.8488855601,0.102333603,0
506,48689.0004295856,36.5630921652,3859.4718229816,0.0792678385,0
507,56510.8353551477,47.3082861374,9255.4396489303,0.1637816817,0
508,50275.8999634534,41.8198233191,5541.8212552116,0.1102281861,0
509,56665.4940880835,61.6451227367,11159.7931652015,0.1969416017,0
510,42912.0905394666,60.5821975269,4550.1228531711,0.1060335862,0
511,22169.7292220779,36.9707166916,947.1996383806,0.0427249079,0
512,35919.8073204607,27.3041244308,1227.1094838338,0.034162474,0
513,61987.6852654852,27.6310877874,2618.2430369954,0.0422381159,0
514,30044.6835160255,49.7740637762,1428.4396250534,0.04754384,0
515,61528.2724192366,55.9030230478,10897.9054797653,0.1771202904,0
516,31196.4917741716,47.178784891,987.2615366385,0.0316465564,0
517,66003.9599915035,33.0735146762,11207.4952297971,0.1698003458,1
518,56960.6738444418,25.5179991396,4856.4834538987,0.085260288,0
519,41315.1078904048,57.5200941171,1378.9090571185,0.0333754195,0
520,64913.3438407443,26.7663112232,9781.3267216691,0.1506828357,1
521,32804.904486984,62.2943905089,4961.2556800003,0.1512351814,0
522,25789.2097975127,26.4941696702,2410.2774142149,0.0934606928,0
523,31908.3543075249,38.2525118571,1857.4615780456,0.0582123904,0
524,56050.3025818616,23.9738295432,6870.8390101305,0.1225834419,1
525,66505.7756868191,25.6182406181,6571.1970206294,0.0988064112,0
526,57504.0717422962,55.7171344329,8107.2676448939,0.1409859754,0
527,44619.1114885733,59.8524872446,2474.9771591703,0.0554689925,0
528,21158.935285639,54.3039126145,3562.3082959444,0.1683595251,0
529,22765.1909156702,20.5874274233,540.6177246734,0.0237475595,0
530,25052.8202555142,45.573993484,3367.7019234674,0.1344240644,0
531,61006.1073023826,54.1812955695,5850.770691321,0.0959046717,0
532,62321.2424735539,45.8902827995,10649.0720502131,0.1708738727,0
533,49604.544211179,51.9440088142,7045.9192022337,0.1420418092,0
534,48433.3734889515,28.5319973431,789.6333613455,0.016303497,0
535,57590.2832834981,19.4971026806,7676.3106625752,0.1332917677,1
536,62691.7013712227,25.0643792432,8244.7488995589,0.131512604,1
537,51121.6568690725,58.5271807495,6471.6282023992,0.1265926928,0
538,22516.5403494611,55.518926667,4267.4519023314,0.189525204,0
539,60857.2350512259,37.3942870065,10486.7443460306,0.1723171343,0
540,62908.3574796095,51.1468272102,3213.8981455284,0.0510885719,0
541,49665.6338381581,50.3192126206,2713.8850746197,0.0546431177,0
542,65322.8010679595,41.4541950882,2739.7199895561,0.0419412509,0
543,20598.9265628159,35.7711543227,3872.4024682347,0.1879904983,0
544,55476.6569798812,52.0892027989,4733.5058296999,0.0853242803,0
545,26218.4948474169,18.4162362311,3343.8163576992,0.1275365492,1
546,40794.8702271096,38.0405282234,6519.4370598561,0.1598102169,0
547,53719.6511100046,42.8901015483,1670.7378925936,0.0311010563,0
548,20715.535634663,27.5303214337,369.5277393667,0.0178381938,0
549,57163.8523996808,53.5448196861,577.5307823935,0.0101030766,0
550,33751.2053130195,25.301877188,6494.1843356626,0.192413405,1
551,44832.5647204183,32.1782629602,1256.2535381889,0.0280210054,0
552,51035.6334550306,58.9949772898,2889.8801946868,0.0566247541,0
553,53493.4860118665,21.8747463902,5030.8287998616,0.0940456339,0
554,58205.6799950078,56.8378381496,10035.603020993,0.1724162147,0
555,47439.9407557212,22.3484194726,7896.3569423171,0.1664495532,1
556,47586.2277136184,42.2750075273,3343.0562758181,0.0702526012,0
557,26100.8512624539,62.3191646803,960.1372513581,0.0367856681,0
558,45326.4036728069,59.3625124735,5142.1108371162,0.1134462569,0
559,24391.7562346905,47.0350984968,2198.1448889684,0.0901183526,0
560,53741.3710192777,49.7294325656,6513.1501245072,0.1211943425,0
561,40053.7222670391,27.9384801318,44.5272460986,0.0011116881,0
562,53033.864130266,38.4575596876,10427.4705030759,0.1966190975,0
563,25176.502012182,53.5434088088,3064.7184877163,0.1217293207,0
564,31210.8470173553,54.1049066703,3853.0880415465,0.1234534916,0
565,23532.2763025761,59.6337369862,1077.8404003017,0.0458026409,0
566,63776.7707859166,43.8106586407,6697.9715832707,0.1050221186,0
567,52278.7650045939,45.9289716217,4269.1360347898,0.0816609963,0
568,56015.8132156357,32.5093102376,2275.7634252221,0.0406271603,0
569,56110.9399353154,62.8294148315,9351.0061311458,0.1666521028,0
570,57856.8082349375,33.6821509548,8824.1647474271,0.1525173098,1
571,30187.0918646455,28.1550842463,4462.8232576741,0.1478387941,1
572,30786.8719263934,47.0681055421,3563.3197887047,0.1157415342,0
573,22279.2997653596,58.9073276119,3141.3385363147,0.140998082,0
574,42476.2655328959,46.4382231315,8334.1820078012,0.1962079741,0
575,58147.7998569608,34.058644854,3951.1897468211,0.0679508039,0
576,36266.2118673325,55.5423627156,3206.9276653834,0.0884274232,0
577,39045.4971627332,27.4332205635,1165.4921575725,0.0298495919,0
578,64467.8036845289,63.4005892067,521.5757013706,0.0080904835,0
579,36594.8066744022,60.9125613431,3492.3340219336,0.0954325037,0
580,58797.762861941,53.4034336735,8892.9633026027,0.1512466269,0
581,66653.2709309831,19.8870530799,5180.7118601752,0.0777262959,0
582,48271.4983797632,21.6623410205,6077.6802868352,0.1259061867,1
583,30991.4319240488,34.0100260181,4589.2672653816,0.1480818078,1
584,45446.5183359571,19.3046918265,8474.982463639,0.1864825464,1
585,37142.7388908342,50.3030429888,161.2375511223,0.0043410248,0
586,58320.808892604,20.2576053403,10033.491680429,0.1720396522,1
587,24825.5406785756,54.8174662013,3650.1963516776,0.1470339115,0
588,20511.4294355735,27.1962682502,931.7900743649,0.0454278468,0
589,48326.3208926655,35.6521986378,7168.7070015274,0.1483395977,0
590,55441.3587949239,48.0585991144,10768.7478385081,0.1942367228,0
591,60496.907918714,33.9456716245,1115.1545869179,0.0184332493,0
592,25296.1542271078,44.3560899454,1320.4624425816,0.0522001262,0
593,50414.3203189597,56.1940032062,2468.1719988854,0.0489577561,0
594,67984.0403771959,27.4652809333,1642.9694705309,0.0241669877,0
595,50382.3997732252,57.0969364881,9183.8422945775,0.1822827483,0
596,49413.2985407487,18.6478525787,2554.0443515729,0.0516873884,0
597,61464.8206438869,36.4082663069,5099.0874595998,0.0829594458,0
598,53784.0495747514,24.3935543466,2761.8513804367,0.0513507518,0
599,35993.2879265398,41.8750019013,901.9277106596,0.0250582195,0
600,63402.0046843216,47.2234288896,7530.7676334431,0.1187780682,0
601,40484.9713249132,39.2814331688,1093.6792027902,0.0270144492,0
602,26168.0122744292,41.9411697583,3040.9813501286,0.1162098717,0
603,60044.2815152928,61.3126543858,6823.4344425004,0.1136400382,0
604,23984.5509454608,51.1412676903,4622.2751984249,0.1927188551,0
605,40359.7011859529,32.245007969,1783.6973261271,0.0441950082,0
606,33583.8910820894,62.1307554604,1251.867366381,0.0372758286,0
607,68038.7920164503,62.9481293545,10108.7958488382,0.1485740053,0
608,45652.0592723973,53.6743410034,5408.2121292134,0.1184658965,0
609,34399.2097815499,31.7648890004,6019.8344228585,0.1749992067,1
610,57628.4389174543,23.9865639289,5021.6396834864,0.0871382216,0
611,24294.6768924594,22.2630956131,4360.053009454,0.1794653631,1
612,52218.8825113699,37.5427567731,9792.0915313122,0.187520128,0
613,50061.7677392438,55.3610418765,6145.1318168782,0.1227509953,0
614,49352.2742227651,57.5421556281,3362.7744855716,0.0681381869,0
615,21087.3555438593,49.3106344524,3353.6935708995,0.159038129,0
616,23812.252683565,42.7655593217,2716.6558194475,0.1140864687,0
617,49395.1664934866,41.084909128,5927.5746761673,0.1200031318,0
618,33338.9439899474,46.5985135422,2929.851423795,0.0878807507,0
619,29668.320720084,38.6837404002,2042.4364628107,0.0688423346,0
620,45936.5972015075,41.9940102911,8525.2319090031,0.1855869269,0
621,55948.0677172542,40.3030153844,8569.2205726194,0.1531638343,0
622,53239.5007135347,63.5151151381,4606.1568052888,0.0865176559,0
623,43694.0344446339,49.5150355361,5049.6355088908,0.1155680764,0
624,24078.0724957585,38.4916283502,3276.1399479723,0.1360632147,0
625,50258.5530211218,22.5428407723,1086.2461646269,0.0216131603,0
626,41816.6568316519,48.9172136239,4534.5759730874,0.1084394669,0
627,36892.7162187174,54.4484247551,6463.6477506068,0.1752011891,0
628,23886.5676149726,34.4429727895,4440.4196165539,0.1858960939,1
629,48757.7650509775,23.0760349878,1833.5810508113,0.037605929,0
630,34601.6826620325,33.850522358,2430.1016184892,0.0702307354,0
631,52986.004545819,50.4237628807,4928.6070338337,0.0930171481,0
632,50740.9510249272,21.7213588594,784.5773121318,0.0154624085,0
633,53096.9913979061,36.3500753818,2663.0526094285,0.0501544916,0
634,38500.0006458722,53.9306910806,7571.6823179867,0.1966670699,0
635,41004.2623570189,55.8490920123,1016.1410075047,0.0247813507,0
636,63585.364590399,49.3399269721,1594.9726819505,0.0250839591,0
637,31823.6810551025,30.9835570501,2290.4303418221,0.0719725144,0
638,26242.6336226054,32.5968318535,1801.2281947163,0.0686374783,0
639,63531.2459943816,19.3291078913,6917.5084352097,0.1088835631,0
640,64751.1465405114,53.6382034924,2289.8512505749,0.0353638719,0
641,31091.2763047963,50.8955430407,4071.0830344427,0.1309397207,0
642,66871.2673638947,62.6893636431,3614.2681854907,0.0540481484,0
643,25098.6528280191,51.6470628548,2611.8480917835,0.1040632782,0
644,33720.5892242491,47.2466262933,1365.9522085944,0.0405079579,0
645,28182.5232948177,25.5296103563,2285.9565375883,0.0811125574,0
646,27334.5697135665,42.6711944924,2963.7944322157,0.1084265991,0
647,68694.8431818746,23.0814173929,12731.894637403,0.1853398894,1
648,46195.6216651015,26.6271984526,2888.6337275749,0.0625304655,0
649,34488.2098538801,27.1315302062,2156.314406342,0.0625232338,0
650,57827.6631003246,23.9729682496,10816.7590093935,0.1870516364,1
651,20346.4690526016,35.7160736532,656.0331878871,0.0322430976,0
652,60480.9757950716,53.4286878337,3216.0945411834,0.0531753084,0
653,51915.6797835603,44.1091034939,2282.9110216495,0.0439734398,0
654,54625.5069831386,31.6964556663,8619.745177442,0.1577970742,1
655,48305.4270897992,55.2125356952,4833.477469909,0.1000607543,0
656,28577.964513097,21.4201601758,1639.2256388427,0.0573597759,0
657,53400.8270059712,58.0816884134,10418.1929763283,0.1950942253,0
658,43414.4878922962,44.4533628216,7170.9467241213,0.1651740484,0
659,47526.2341252528,57.2195919184,8957.3305439395,0.1884712877,0
660,46082.072162535,55.1584671726,2921.2353791527,0.0633920143,0
661,32195.5925249495,62.2016585153,4980.0135850146,0.1546799793,0
662,49067.0912945643,60.5445980723,7258.9684916358,0.1479396536,0
663,21293.4771250002,42.4049403309,1368.6919222573,0.064277521,0
664,52100.9173872881,23.1814436284,4767.2771918935,0.0915008301,0
665,48334.3877759762,53.3677544631,2234.4431366599,0.0462288495,0
666,58507.6235514134,48.9774480355,694.1351678029,0.0118640123,0
667,27521.0403418168,35.086597288,2699.8513458616,0.0981013549,0
668,63914.2253715545,26.3497418938,139.3145719486,0.0021797115,0
669,28598.8326463848,52.5336985392,524.2010920966,0.0183294577,0
670,23298.466745764,48.6514598648,1741.1839190889,0.0747338414,0
671,35697.5541380234,51.3882188625,2907.9582722959,0.0814609948,0
672,40376.1635813862,38.9212890365,3901.9379836185,0.0966396417,0
673,56534.966842737,27.8079414838,2161.0837515916,0.0382256128,0
674,36088.9386082999,41.7177590057,6222.4152725219,0.1724189049,0
675,34158.6339683272,29.4211424296,2911.4080670768,0.0852319818,0
676,29732.0576198399,38.8767124265,3485.0180258739,0.1172141555,0
677,41736.20153917,34.5964918844,7602.6130550785,0.1821587201,1
678,42236.4560933784,24.6867330968,4749.0686753067,0.1124400367,0
679,28796.8508363701,44.6286484147,706.2289942236,0.0245245217,0
680,55097.38848079,33.9294242365,9342.4794269861,0.1695630171,1
681,40916.5641455911,48.3197407145,5219.8040277876,0.1275719048,0
682,20908.3351003937,28.8185219793,3133.6244473393,0.1498744129,1
683,57999.7723852284,62.7701106337,859.5892942154,0.0148205632,0
684,57746.5815865435,63.6253054803,727.1946649521,0.0125928608,0
685,55116.2345148623,41.4688852439,10284.6067864395,0.1865985018,0
686,57765.5211603269,43.8873090511,5445.2226601093,0.094264235,0
687,45200.992799364,43.9054290229,7335.962568406,0.162296492,0
688,42435.1894925348,51.4895268101,2766.2809143853,0.0651883719,0
689,46365.5735179782,41.8526130542,5443.2763074998,0.1173990936,0
690,57187.7008932643,59.4719182071,9390.672260925,0.1642078998,0
691,66539.9275999516,57.7055592933,12129.0822259617,0.1822827686,0
692,25244.7266993113,53.3790106042,1278.9995042356,0.0506640266,0
693,54780.3456126712,61.3889711411,8134.2204078516,0.1484879352,0
694,59253.1214631163,36.9204115439,7327.2835768442,0.1236607186,0
695,48540.3415444307,21.2391576227,1012.9349929059,0.0208679,0
696,30415.1050793007,22.9836358461,4362.0831523754,0.143418316,1
697,48768.6992436647,25.9250256293,500.5991056468,0.0102647623,0
698,52299.2180823348,18.3097456344,7880.6858071223,0.1506845818,1
699,42242.489119526,34.2207668605,2070.3793805861,0.0490117752,0
700,28218.9652719535,42.6243938752,1305.0824330829,0.0462484156,0
701,40208.1318595447,61.3719132794,459.0346887962,0.011416464,0
702,61419.6728379466,30.6518233875,9921.672387157,0.1615389977,1
703,51282.5052416883,26.5513867694,8445.3853427868,0.1646835564,1
704,36017.9027472623,43.5236232025,1526.3924759161,0.0423787161,0
705,57575.0097911805,33.8001351166,9857.229949587,0.1712067438,1
706,53330.7671360672,42.3772462993,2343.497555862,0.0439426935,0
707,39834.5198412426,63.3122752602,699.9557764042,0.0175715881,0
708,62469.4283748977,24.2648553592,7286.55039086,0.1166418612,0
709,40334.6167341806,45.886541584,6808.869954983,0.1688095861,0
710,47542.8027031012,40.8733375482,9448.2097210991,0.1987306003,0
711,55883.6228610016,27.3703380204,974.563067419,0.0174391533,0
712,29163.0158829503,43.9561713184,1469.1297041719,0.0503764669,0
713,47786.1410635523,29.7081892956,7181.4785525793,0.1502837097,1
714,29736.3105043769,35.2983984412,657.0484089195,0.0220958282,0
715,50831.4275345765,24.3516025199,9572.5868840559,0.1883202449,1
716,62030.0459954888,46.5357845407,7572.5675892346,0.1220790259,0
717,54049.0127447993,54.6203531795,4569.6479108815,0.0845463715,0
718,34336.0175890848,35.8306517112,3441.6445242247,0.100234237,0
719,31895.7153055817,48.1859072847,3423.346172079,0.1073293431,0
720,51894.5400998928,59.0037683048,6579.5340066642,0.1267866329,0
721,37616.7108584195,53.4446602478,5732.2401076494,0.1523854685,0
722,22076.9480033778,56.9954393553,3948.1433440505,0.1788355593,0
723,56252.9537058435,57.2782905716,7327.0702821017,0.1302521877,0
724,26316.7584943585,37.2176540047,923.0284413241,0.0350737893,0
725,23120.8796077408,40.2967223222,1417.8465220017,0.0613232085,0
726,39033.0327139236,59.6770221912,5757.8904792628,0.1475132748,0
727,32420.8181514405,32.3617921588,1494.2129742712,0.0460880712,0
728,68827.2443297319,25.3025307893,1049.1754772678,0.0152436072,0
729,58092.2048934735,41.8136523534,5277.7404197097,0.0908510949,0
730,43538.8561151922,46.3294121143,8523.9011159058,0.1957768733,0
731,64040.484179277,59.1448074137,5408.7277671919,0.0844579462,0
732,34395.2292157337,25.5482243258,2089.7325000069,0.0607564638,0
733,57405.5149266496,45.6444349932,6914.7515397514,0.1204544816,0
734,22581.1339728534,40.5488618091,34.2851058173,0.0015183075,0
735,27952.945982106,42.0974981091,3965.2519744496,0.1418545286,0
736,54022.9128370993,26.5610123025,10641.4514434212,0.1969803345,1
737,63546.1647575721,44.412732142,6170.2391164518,0.0970985289,0
738,60713.4303008206,56.0316035268,396.2336775986,0.0065262937,0
739,44519.3294715136,32.3916598489,1446.4681032111,0.0324907882,0
740,40997.7989899926,55.5812039119,7908.3318430222,0.1928964978,0
741,63661.3833298907,25.5955243814,6095.3087489942,0.0957457792,0
742,34429.1467382573,39.7149895974,2240.2774038697,0.0650692107,0
743,29181.8614280783,48.2406478086,2529.6129690449,0.0866844281,0
744,52510.4382354766,40.2791402387,1858.3082395728,0.0353893112,0
745,37536.3472430035,25.8566775699,2634.3585848472,0.0701815381,0
746,35683.7449525483,44.4978791652,4337.8255585156,0.1215630692,0
747,45622.2907104529,41.6325453222,528.1812501212,0.0115772628,0
748,67385.403176304,29.0336793587,6747.232379119,0.1001289903,0
749,69411.7925292812,47.0737268492,12176.7824380938,0.1754281512,0
750,48322.5140650757,29.2626339835,7732.6963956708,0.1600226426,1
751,40836.588810198,22.1682629082,6994.4878008142,0.1712799233,1
752,38035.9513266012,60.6552104717,4298.7050276774,0.1130168926,0
753,42696.9713694416,44.5296706767,222.196438639,0.0052040328,0
754,24181.69478653,22.300125381,1529.018868485,0.0632304262,0
755,33194.4026448764,51.1797121163,6615.3878575169,0.1992922701,0
756,32541.4615264162,34.405086162,780.832856751,0.023995015,0
757,38381.4130607061,54.0833714376,322.7241555557,0.0084083448,0
758,25921.9125309028,58.4260793161,5104.7467885471,0.196927861,0
759,58810.9717285261,22.1093805856,9099.7243379221,0.1547283452,1
760,63025.7440777496,56.5669315374,2956.977745673,0.0469169827,0
761,29954.0045135655,61.8368447102,5774.0742703594,0.1927646859,0
762,40641.523017548,37.6641986403,5042.3263680679,0.1240683418,0
763,43940.91070164,38.3059819466,2855.3791874511,0.0649822487,0
764,65166.9728732668,25.6562818582,8859.0874687763,0.1359444375,1
765,58820.3820562921,30.7523156456,530.6578241217,0.0090216657,0
766,50719.7630754672,43.2072446495,4770.9376680119,0.0940646679,0
767,46766.5959196165,47.7751709498,2383.4077565377,0.0509638923,0
768,67520.759596955,45.4156241422,13041.7794518553,0.1931521436,0
769,28386.2535539083,31.1253324109,1718.9437817569,0.0605555002,0
770,68276.0307611898,34.5148812653,4842.0779602883,0.0709191484,0
771,30731.7262794822,40.388842945,1129.5624120295,0.0367555796,0
772,30012.251092121,54.9401186649,3972.1514052114,0.1323509987,0
773,38075.3187742084,53.1073599537,6928.9436211628,0.1819799241,0
774,55932.3965734802,44.3926223419,4876.366908841,0.0871832285,0
775,27966.2444535643,53.7002732377,4445.2031781201,0.158948878,0
776,53825.5367358215,49.7139043789,5272.8047917035,0.0979610258,0
777,65451.496518217,60.2763893404,8129.0489314653,0.1241995885,0
778,39473.995862063,42.3012538385,6034.1532275636,0.1528640082,0
779,42344.8087112047,47.4181083911,6800.2468059228,0.1605922193,0
780,36112.8744133748,60.5793527025,3737.2121871986,0.1034869765,0
781,32720.5047989264,33.8045035219,4367.2649501992,0.1334718085,1
782,27973.8265601918,49.6742196358,403.4021353701,0.0144206991,0
783,21306.0331228189,35.094163537,3791.0235283876,0.1779319269,0
784,36029.301576782,52.6406244203,2928.1004386496,0.081269975,0
785,48457.963548135,22.344923628,8108.1726834058,0.167323843,1
786,46038.510655053,39.0386727839,6868.9878050109,0.1492009126,0
787,34247.1590195782,34.700989536,6458.7905851388,0.1885934708,1
788,64247.6149997674,31.6031620721,4513.203694173,0.0702470231,0
789,62109.7670914605,41.2409060192,2816.4301578897,0.0453460106,0
790,21481.8037860096,19.9594523082,1137.6578905462,0.0529591417,0
791,20762.4744670466,25.3291227403,2385.224836916,0.1148815302,0
792,33756.5272278152,40.5675955508,1169.8359246658,0.0346551029,0
793,54325.8072738536,29.6363693075,6978.5250574436,0.1284569049,1
794,33197.8078046814,59.4868482286,3993.1468660049,0.1202834503,0
795,56846.4742321521,30.2809275542,5268.2274748776,0.0926746565,0
796,26542.9310896434,45.829426521,4233.0895856306,0.1594808641,0
797,53200.5481468514,59.6917192978,3090.4731192963,0.0580910014,0
798,38073.4068970196,32.2145080874,2284.0056766376,0.0599895271,0
799,43937.219043728,56.4096822157,3213.5419628301,0.0731394028,0
800,49284.8194134422,51.9397291215,493.5899970174,0.0100150513,0
801,22869.3234547973,25.9064452043,527.5515683984,0.0230680881,0
802,60113.3425417356,40.7743055844,8253.3845688054,0.1372970495,0
803,23613.2556851953,32.4735058034,2469.2345846834,0.1045698491,0
804,68755.0944206305,53.2281321543,10990.5337530187,0.1598504641,0
805,26449.3282930925,46.4791532471,2952.1231516498,0.1116142958,0
806,42855.4161149077,47.1273699836,4923.8148457644,0.1148936422,0
807,25686.7789360695,35.8507148684,3728.3970307197,0.1451484844,0
808,67125.6492426619,36.0585051873,7482.067368787,0.1114636127,0
809,27427.7894455008,59.7045191764,719.9466645882,0.0262488038,0
810,37145.5730567686,53.1982789445,1510.7355067239,0.0406706744,0
811,41702.6007710956,41.9440537179,6105.7279291327,0.1464112026,0
812,20710.7759593055,49.5572698126,3960.7108731732,0.1912391347,0
813,39124.164362438,44.557108595,401.3267334002,0.0102577714,0
814,32834.6467390656,60.5802186658,4184.5782032004,0.1274439843,0
815,26267.2214000486,58.7937669596,1136.1172706088,0.0432522821,0
816,41254.2281951755,28.948204753,6993.0494414818,0.1695110961,1
817,38268.6966028996,30.6768498379,2522.0571846599,0.0659039217,0
818,37087.2687594965,57.5763008045,6391.1531942032,0.1723274161,0
819,38458.1330395304,55.8568540653,3644.3060700988,0.094760348,0
820,40185.7756706886,31.0007680785,1002.3405737625,0.0249426708,0
821,65481.9455510005,45.038576236,10614.2484928222,0.162094275,0
822,57426.6804778017,20.1188450963,2461.9744057853,0.0428716127,0
823,47903.3142491244,46.1690147729,4283.2269736806,0.0894140007,0
824,34222.1877467819,52.2466784487,3582.1513639635,0.1046733596,0
825,28481.265604496,47.4213283621,5302.1799434288,0.1861637758,0
826,43069.6521466598,41.2400346901,4091.5612916743,0.0949987076,0
827,33093.9618567936,33.4031739105,3852.9924436464,0.1164258441,0
828,61363.8560567051,62.136373865,9636.8047305347,0.157043663,0
829,68100.7356196642,47.752940271,8124.5989799108,0.1193026611,0
830,50551.4803389087,56.7655671011,5262.6160879975,0.1041040945,0
831,54421.0540060885,22.9615335506,6229.8360190474,0.1144747402,0
832,32152.4597401731,57.4869551328,3550.5848887817,0.1104296504,0
833,40230.9757121839,58.7940956773,745.1947491036,0.0185229102,0
834,53483.3740023896,29.1899978882,1459.6685988883,0.0272920066,0
835,65137.9377627745,42.1331095668,10352.181768904,0.1589270727,0
836,29496.5941272676,54.6658208575,2216.9753341909,0.0751603838,0
837,45181.9337136112,48.0968023036,2243.1539922132,0.0496471445,0
838,24994.7781953961,34.7233597366,51.6402602395,0.0020660419,0
839,54820.9740128368,20.5603964715,10070.9490549973,0.1837061314,1
840,62955.6082934141,29.5495097754,207.5438177637,0.0032966692,0
841,52956.2460770831,25.1471019248,959.0972148116,0.0181111254,0
842,40366.2032377906,32.0720080417,7410.7920243295,0.1835890282,1
843,60005.0101336092,40.1948889853,10677.6680182666,0.1779462747,0
844,37598.3850844204,54.663929306,3641.8084108437,0.0968607668,0
845,61323.0009027757,60.1660164748,8699.9466823154,0.1418708568,0
846,21243.9323007129,57.8680602163,3438.9792772827,0.1618805421,0
847,62111.4344149828,25.9764585942,499.208578202,0.0080373056,0
848,56524.8788148165,54.9109715149,5296.9402725764,0.0937098917,0
849,51718.1369639002,34.3504997366,1036.6168035984,0.0200435836,0
850,43205.6317501701,23.1258772509,4835.2746566161,0.1119130646,0
851,26934.1974449344,35.9790101987,4113.2991669103,0.1527166041,0
852,68966.8225636706,54.3924881364,6690.635337692,0.0970123762,0
853,31527.3472038098,59.0226465594,2062.7191576927,0.065426347,0
854,46839.061093051,28.7333587087,1498.2003160058,0.0319861304,0
855,32151.2968558818,42.9149115668,4601.9400864743,0.1431338869,0
856,40831.8019169383,47.1495458046,6429.5936880893,0.1574653429,0
857,30868.8048203476,58.1365677523,4618.3921843267,0.149613573,0
858,62988.8264276087,32.4746129392,6924.9015691466,0.109938571,0
859,65496.7674799263,61.9599347501,11805.55576878,0.1802463881,0
860,63032.6262721792,24.7884375579,390.3358608663,0.0061926003,0
861,27287.0745440014,18.6957987277,4509.8814216283,0.1652753729,1
862,44299.3717431091,24.3714581453,5154.9098426804,0.1163653036,0
863,44091.3492278196,30.4852303183,1664.1049265406,0.0377422092,0
864,26617.0303151011,28.6165092401,2727.2416806282,0.1024622825,0
865,21856.2335288152,47.7227678541,1500.6537452812,0.0686602174,0
866,28072.6043554023,54.1425482268,1.3776295933,4.90738078951836E-05,0
867,35950.4884504713,35.4718469656,2664.9256748477,0.0741276625,0
868,28982.1123634465,35.2682511825,1440.4991676065,0.0497030427,0
869,51790.7264456153,41.1508777859,1281.0357291798,0.0247348477,0
870,65000.8196174167,21.6996995276,1114.9148242803,0.0171523195,0
871,29761.0460128635,21.8542913464,3748.2581241325,0.125945107,1
872,23081.4507394098,53.8968184148,257.6612014919,0.0111631285,0
873,60016.7409912683,22.7386025083,1522.6467681139,0.0253703674,0
874,54619.1553631797,53.5978628239,901.2777768171,0.0165011299,0
875,66274.2081028409,36.3746234393,10257.9183922935,0.1547799466,0
876,49380.658629816,45.4710499053,5425.2809450649,0.1098665165,0
877,46283.0674648285,48.288585111,2166.1230995161,0.0468016322,0
878,25554.6985240653,42.7969214716,4229.9143530558,0.1655239387,0
879,36680.1819228567,22.1462626061,4849.3337847196,0.132205827,1
880,30383.6763300933,46.8319495972,2153.6077250834,0.0708804195,0
881,67730.4436964914,26.303146977,8881.5836360141,0.131131337,1
882,36446.7241382226,40.6168506052,2927.6754444124,0.0803275332,0
883,33648.7389914691,60.9709445592,1498.1612553261,0.0445235483,0
884,53852.7995394543,42.7828555498,2089.9094635254,0.0388078147,0
885,61298.2186651789,48.2850302425,9399.5046021859,0.1533405832,0
886,69465.7469564117,20.5852316911,7983.7053732445,0.1149301019,0
887,39102.0417143591,29.3008653834,4200.697505156,0.1074291091,0
888,29366.5823340416,22.4840485333,4049.2538652254,0.1378864527,1
889,67949.7380671091,34.4796788199,1790.3486165291,0.0263481312,0
890,29468.8591780141,22.7896366892,3703.953047407,0.1256904119,1
891,56839.4018965773,36.5523909307,9004.8017143487,0.1584253425,0
892,38277.9368711635,44.9091980499,7405.8032096323,0.1934744611,0
893,49664.2707195133,39.9441606863,5571.4563644762,0.1121823855,0
894,49972.0108276233,32.3969839904,763.9541158786,0.0152876401,0
895,27356.8009538576,63.4878736236,2983.5833221652,0.10906185,0
896,36840.6036566012,36.6745834872,6557.9403308717,0.1780084928,0
897,51438.8140686788,46.0123431599,6898.7837191652,0.1341163058,0
898,40614.7220451385,20.932671587,2649.6953560602,0.0652397757,0
899,56738.63732256,63.3739421731,3210.8070479728,0.0565894283,0
900,68004.6862154268,41.5310972743,2698.0477814259,0.0396744391,0
901,44458.6372864433,52.0829052706,1456.2349444953,0.0327548264,0
902,66801.197505556,19.1351382304,288.6467692532,0.004320982,0
903,48991.853678599,18.6213070992,7453.2642676446,0.1521327263,1
904,69430.936621502,58.940914283,2648.2204520872,0.0381417936,0
905,27989.1111003235,27.8009201703,1770.8182789598,0.0632681143,0
906,67675.8047705516,37.7403956875,4396.0768773955,0.0649578811,0
907,47985.7224668376,33.5597739792,8801.610126774,0.1834214361,1
908,43388.2094733417,35.704356791,7007.1542526718,0.1614990417,0
909,63182.4556668289,25.586382125,3493.2245674121,0.0552878886,0
910,20568.8913050108,25.8538567899,2257.0647822256,0.1097319612,0
911,25833.7172260508,19.2075996422,3716.2546852118,0.1438528824,1
912,23087.3014009558,37.6196372602,423.4183995048,0.0183398827,0
913,36124.7178330086,25.0547269559,6485.057480339,0.1795185643,1
914,57330.619408749,44.4456512993,1058.0392021631,0.0184550457,0
915,47240.2531234547,55.0097213611,4286.3456144127,0.0907350264,0
916,55730.6292280555,55.1564379628,9286.3575449382,0.1666293324,0
917,61660.4013182223,48.8987582298,1684.5265639885,0.0273194226,0
918,49746.8874370679,29.3614619286,7354.12952296,0.1478309479,1
919,23973.6875914969,55.2882977473,95.460722375,0.0039818957,0
920,28085.479598958,45.0321259801,4431.2804713975,0.1577783443,0
921,33585.4747379199,60.3773854389,3933.8830119477,0.117130487,0
922,44179.3851018883,51.3064918877,5888.3757812673,0.1332833349,0
923,56025.4197265022,29.3964444613,4341.6266987652,0.0774938719,0
924,49369.7041459382,51.3734172671,109.3796227523,0.0022155211,0
925,26889.3647403456,62.6251084581,675.712031078,0.0251293416,0
926,30873.2176362537,38.9527395456,4076.8767501185,0.1320522143,0
927,30608.9432374574,46.4767039828,2632.5518109756,0.0860059686,0
928,54878.0896514654,42.8835592917,1504.4734617798,0.0274148293,0
929,32423.8068470731,63.1899865903,2961.9523682159,0.09135116,0
930,46608.3690221421,20.4049915122,1521.8684050771,0.0326522562,0
931,65689.1897018068,28.1087074322,255.0726559581,0.0038830233,0
932,49054.8602701165,54.0686636209,1102.2403614003,0.0224695444,0
933,20310.5775569566,54.2647477449,1279.1130976076,0.0629776821,0
934,66423.3993319795,18.8743571145,1066.214601111,0.0160517922,0
935,45783.1547525711,63.8850437431,7492.9098201065,0.1636608456,0
936,62887.7626662143,42.8418413973,6849.4842231461,0.1089160106,0
937,51088.2107820362,52.0858715917,9097.1120360652,0.1780667574,0
938,66217.9448455572,19.0816236078,745.0760945307,0.0112518759,0
939,62799.7506107204,35.3614920396,6752.5860713095,0.1075256829,0
940,45789.4875248894,36.2980512884,4545.1574589578,0.0992620294,0
941,59727.4059941992,50.2414879547,5203.3251814563,0.0871178832,0
942,35513.5895474814,60.8070176682,6983.360741039,0.1966391128,0
943,29178.977587726,63.9307346861,1664.3860619102,0.0570405888,0
944,67501.6922457144,49.6374590155,7589.7599903711,0.1124380699,0
945,66255.0295284018,28.9600249473,7475.2122823416,0.1128248276,0
946,63558.8640859351,36.3568546553,9282.9277353466,0.1460524487,0
947,63441.7123557068,18.6712893769,3119.4126781587,0.0491697428,0
948,64983.1542442553,27.2919716095,9109.7743419581,0.140186706,1
949,56946.64593786,55.4090137514,11175.8410699241,0.1962510853,0
950,52349.8724610545,35.5224991776,5181.8485007179,0.0989849308,0
951,31473.4587841667,27.9934091126,797.3459720624,0.0253339163,0
952,59267.3391965218,34.912699074,5085.3119186715,0.0858029395,0
953,66809.1732473113,31.0545481215,1316.1871277161,0.0197006947,0
954,48083.3115451969,39.1573059843,9193.0952635227,0.191190976,0
955,20629.3472950347,28.3068615505,3310.4101177252,0.1604709093,1
956,25363.3310599253,31.3907911573,3946.0014470861,0.1555789907,1
957,28873.6741687171,62.3285863018,2224.4697652129,0.0770414514,0
958,41430.8552560396,33.6895613596,5719.2781159757,0.1380439308,1
959,53612.1312342584,23.282966455,5976.8965682608,0.1114840323,0
960,51555.7402558625,57.2635917729,9217.6886691734,0.1787907345,0
961,46564.3788967282,50.651299688,599.8303239515,0.0128817422,0
962,61200.4274781793,19.2277783197,406.8518611562,0.0066478598,0
963,29307.3207652196,61.1649569646,481.8426971199,0.0164410354,0
964,67687.1830760501,20.8043047981,10506.3280331645,0.1552188694,1
965,52565.0657410733,55.6965293498,372.9742533437,0.0070954777,0
966,52920.148014091,20.9909665296,9521.7699421171,0.1799271223,1
967,34981.3678348437,23.4877088945,5502.7360308728,0.1573047703,1
968,65210.8370955102,27.5284397248,12607.9516641063,0.1933413559,1
969,60016.0796125419,54.3172402922,2857.0074135476,0.0476040327,0
970,23066.964680329,33.0913530015,1933.3535677098,0.0838148233,0
971,52603.878644295,43.8954665251,2043.0895528992,0.0388391428,0
972,20111.3632577471,53.4953945642,1745.3719220871,0.0867853611,0
973,32759.7002778202,43.880459358,5211.3256297907,0.1590773293,0
974,30578.0201614834,55.3661617422,3010.3502403137,0.0984481737,0
975,21211.5893885493,32.6511982484,931.7810522002,0.0439279224,0
976,53746.3265750557,29.3502885881,9534.6602062256,0.1774011512,1
977,45214.109220542,18.2999803973,1779.727735319,0.0393622205,0
978,58465.0496998802,20.1268885387,11417.0600895208,0.1952800887,1
979,54422.9734851979,58.5713950437,444.613776926,0.0081695973,0
980,62842.0643904246,62.1970788189,107.5972315364,0.0017121849,0
981,53005.1322933286,45.6872204705,2539.3367489334,0.047907375,0
982,40749.0281783976,26.8540129098,6207.186165026,0.1523272196,1
983,49804.4108320028,20.03986423,7235.1947168983,0.1452721676,1
984,37277.2461199202,26.6331468173,6289.256075871,0.168715684,1
985,46883.2065397874,30.3998898901,6342.5679092424,0.1352844308,1
986,31763.3691988885,35.6025172849,3489.4041216214,0.1098562341,0
987,61013.1815820932,24.7076189695,1791.5429622138,0.0293632116,0
988,41285.358897876,22.911070588,532.1002558078,0.0128883524,0
989,39133.8918637484,21.6032314701,433.4584179265,0.0110762921,0
990,62171.8025580049,24.2437830968,1035.4624964586,0.0166548572,0
991,53638.6459530331,44.0273743556,109.4788536039,0.0020410443,0
992,49264.5848938264,58.1195471087,3051.5742667285,0.0619425552,0
993,63114.49698871,48.3510828256,11890.7571906353,0.1883997775,0
994,58165.506219957,45.7291535651,4155.7237670871,0.0714465331,0
995,43029.8032634892,27.2101574214,6894.1653814341,0.1602183803,1
996,21593.6226584017,51.5489227837,458.0937243682,0.0212143063,0
997,49104.7682403587,35.538517335,9452.2179473418,0.1924908372,0
998,65776.2324134819,39.798191336,2805.8637447175,0.0426577145,0
999,36192.1494523995,21.4024026161,7236.1739302542,0.1999376671,1
1000,62165.8611856401,19.6025430984,4739.9489540583,0.0762468156,0
1001,50793.355719652,41.6018864475,421.6403795916,0.0083010932,0
1002,62422.2037894651,32.1452214066,2841.6334227665,0.0455227988,0
1003,63166.9949553907,56.5100399321,4058.7895338044,0.0642549093,0
1004,23717.5678531639,49.3257695208,1530.0902424243,0.0645129489,0
1005,66797.6646730676,21.380428554,11921.1995369591,0.1784673101,1
1006,30272.2036186606,19.132446487,1440.0725488839,0.047570787,0
1007,55741.1956880242,52.62685289,3181.7805193406,0.0570813109,0
1008,30742.5797148608,26.4493368398,5685.6536414798,0.1849439343,1
1009,20491.564325057,35.1348369075,1579.1682486473,0.0770643092,0
1010,35620.4186263494,40.8246740508,3611.2959033663,0.1013827474,0
1011,50206.1337162741,33.0311115212,5826.462898267,0.1160508182,0
1012,67935.4538721964,60.9422627036,8267.3260525788,0.121693837,0
1013,59223.3966034837,22.9396351455,3901.4020853288,0.0658760272,0
1014,32657.2686829604,32.8121879608,1796.2705025578,0.0550036967,0
1015,55931.6545771435,23.4413330657,4053.51993761,0.0724727342,0
1016,23694.7788670659,22.8642844833,764.2971900033,0.0322559326,0
1017,44324.2863682099,23.1808664124,2672.6920260241,0.0602985912,0
1018,34735.4917484336,62.358955808,1402.2178539833,0.0403684469,0
1019,67064.3447362818,22.5836099242,1091.6248164288,0.0162772755,0
1020,42761.492675636,45.0493739052,610.6578471033,0.014280555,0
1021,49517.7223277278,31.5493175001,7337.9504310652,0.1481883674,1
1022,54372.1826560795,29.9771178071,839.1250811885,0.015432985,0
1023,29941.9683683664,48.3584494684,3170.0456536487,0.1058729879,0
1024,68414.1207765788,51.0467812894,6154.0524565476,0.0899529569,0
1025,23891.2445656024,51.0292046787,3475.9054232585,0.1454886711,0
1026,47187.5715465285,24.2270476553,7933.4694490862,0.16812625,1
1027,39819.9209407903,63.3847970134,3577.4476896577,0.0898406527,0
1028,50632.2792428546,53.6232994753,1262.3560661218,0.0249318436,0
1029,39970.2112469822,40.368115155,7867.6168356309,0.1968370091,0
1030,55176.1396043003,49.4559101025,7822.9360909354,0.1417811421,0
1031,50533.571948763,56.6310642832,117.7125869479,0.0023293938,0
1032,52983.874459751,42.5880697602,5567.9410874623,0.1050874657,0
1033,31187.6699258573,30.9996161205,593.1247798264,0.0190179254,0
1034,34909.9822272547,25.5687413281,2852.371794959,0.0817064809,0
1035,53810.847660061,51.4329729835,9154.4770153642,0.1701232635,0
1036,55478.9673699997,53.7629200383,6227.5417743269,0.1122504991,0
1037,60394.0948657691,57.6864224728,8293.5767474931,0.1373242991,0
1038,36845.7386782393,51.9394795415,1790.0135661994,0.0485812914,0
1039,60264.9406460114,54.7213634262,2241.3881435993,0.0371922401,0
1040,52981.5085977316,18.3062164383,3759.9372342599,0.0709669719,0
1041,50222.7624226362,21.4227129221,8734.7406173923,0.1739199557,1
1042,59256.5559595823,38.5789446193,9812.9787174112,0.1656015703,0
1043,43203.4142245539,40.9017241769,7730.7275752702,0.1789378852,0
1044,46288.7564138509,23.5900381785,6053.7915814913,0.1307831977,1
1045,58176.1549273506,52.175760089,9852.1411102884,0.1693501594,0
1046,25631.4347311854,47.6355769588,4778.700542848,0.1864390579,0
1047,58977.9976452701,30.3309826935,9442.0116098496,0.1600937975,1
1048,25048.0159930885,54.6567751751,2341.3678579056,0.0934751822,0
1049,33436.4890051074,34.669146894,5473.9855506008,0.163712929,1
1050,23787.3670458794,36.3117125998,3041.5529081568,0.1278642105,0
1051,69456.5677712671,48.0535567799,13190.3658861707,0.1899081154,0
1052,65447.6116108708,39.6313519427,3269.5343268134,0.049956511,0
1053,68743.3531787246,56.3852515849,2290.2042888545,0.0333152833,0
1054,36052.5775980204,49.4999608733,2830.1798624673,0.0785014568,0
1055,24820.7924701273,38.2440168508,51.9492427781,0.0020929728,0
1056,26046.3841655292,54.6254635775,4669.4573525915,0.1792746864,0
1057,60850.8024411276,59.990256323,7206.8525927514,0.1184347996,0
1058,69929.0109961294,51.3944484452,12427.8357034718,0.1777207417,0
1059,53298.4961452894,56.9097073297,2106.7097906176,0.0395266273,0
1060,48818.3823227882,49.2961219363,2312.4217766474,0.0473678493,0
1061,38042.0841556042,32.8389940197,3495.8563061446,0.0918944475,0
1062,42119.8227140121,60.0642018272,1930.5665321422,0.0458351058,0
1063,62247.8797379881,39.2296556244,1870.7150893095,0.0300526716,0
1064,62252.0881635137,28.2461758642,1699.6809718387,0.0273031961,0
1065,36973.0856898241,38.2803032552,4144.448143614,0.1120936505,0
1066,54217.2367847525,26.6293773698,8836.775689366,0.162988308,1
1067,44218.7663214281,58.5792585332,1693.9201788619,0.0383077214,0
1068,33274.0502711385,23.9534352585,2244.8831092986,0.0674664819,0
1069,54656.5490355715,18.3938295515,9911.1349629183,0.1813348105,1
1070,67593.5170776211,25.4054456432,9864.0780271031,0.1459323091,1
1071,39472.7072492242,42.6088607726,596.4811795418,0.0151112305,0
1072,30572.4468594417,48.6518424763,1847.0942497244,0.0604169584,0
1073,50447.6996301673,58.0985400286,2443.7689147689,0.0484416323,0
1074,49198.6526572146,49.1924226987,483.6201677209,0.0098299474,0
1075,53768.2282086462,25.3775038845,3696.9532441701,0.0687572079,0
1076,52809.5462871715,61.0133191822,6276.8307367033,0.1188578804,0
1077,38011.7266485468,19.057891679,4625.1933776274,0.1216780658,1
1078,58910.2917746641,31.0139619536,3671.9230944371,0.0623307572,0
1079,57914.7310741246,50.611599715,6715.8579076902,0.1159611343,0
1080,39494.766916614,28.5471422006,3544.1560393992,0.089737358,0
1081,45918.8752504997,38.6421196153,1910.3295308428,0.0416022718,0
1082,55649.0558828227,19.6645014896,7660.3461705151,0.1376545576,1
1083,27136.6288000718,18.8336203182,2253.1902527678,0.0830313253,0
1084,62724.6361155994,39.8353766054,9255.137755343,0.1475518764,0
1085,32921.8485788442,43.7330526654,2553.2127779485,0.0775537489,0
1086,28482.6495498419,19.7837881306,329.4500422278,0.0115666923,0
1087,44170.221737586,24.4703706368,2168.7517349728,0.0490998607,0
1088,60664.3716036342,22.3644573689,5873.4109794257,0.0968181294,0
1089,64501.9304286689,33.3579469016,12147.3142194935,0.1883248166,1
1090,28237.5173922628,50.0155520882,2728.189944463,0.0966157862,0
1091,67420.5954466015,21.1852940614,3668.9947836488,0.0544194954,0
1092,55642.9933919571,38.9109068378,2841.6979823427,0.0510701853,0
1093,56086.0580927692,34.5792021682,3990.8507597519,0.0711558433,0
1094,57676.7391804606,20.6656169873,10504.6681673838,0.1821300635,1
1095,62535.6328487396,39.1940755369,9490.2641904112,0.1517577061,0
1096,60686.7685727775,48.3993084896,10614.130949683,0.1749002493,0
1097,25032.3009374551,46.3105889745,680.9047821836,0.0272010465,0
1098,22228.3452912234,33.3594570947,2187.2133371456,0.0983974879,0
1099,41435.1537520997,34.9257164877,3702.1714277834,0.0893485626,0
1100,43955.4094034247,51.5582860666,7833.4777614137,0.1782141918,0
1101,60063.6930949986,59.114644336,6766.2941807994,0.1126519838,0
1102,34635.7447491027,18.9473467004,4859.2352866332,0.1402953891,1
1103,63944.3237264641,32.5243454012,12213.9493398984,0.1910091253,1
1104,35403.427334968,34.645415822,2929.3597040424,0.0827422632,0
1105,53654.0793650784,44.1372342128,6587.7755558434,0.1227823799,0
1106,23508.2307294942,52.6403490179,4622.8410654118,0.1966477664,0
1107,61869.4660300389,36.2273041848,1040.4936732261,0.0168175635,0
1108,20674.8970830813,23.9998828671,299.8251377509,0.0145018926,0
1109,22127.9241074808,61.1887826505,1777.8285512914,0.0803432144,0
1110,27408.7296146899,37.6917318474,2591.0289466054,0.0945329821,0
1111,60720.7960961387,38.8203602945,3278.1797272838,0.0539877594,0
1112,34760.0193158723,34.2603018642,28.8825344419,0.0008309125,0
1113,23057.3639203794,46.9718112899,2487.1651821231,0.1078685834,0
1114,42380.9950635768,35.7168121864,6832.6848165416,0.1612204906,0
1115,37887.5493933447,24.4157260978,5061.7778308957,0.1336000325,1
1116,39988.740736153,54.2687055743,357.0881242035,0.0089297167,0
1117,25026.5056430362,62.9069223371,3845.7418493457,0.1536667525,0
1118,43588.0814259872,40.4956467832,6453.0579789302,0.1480463872,0
1119,20897.4266937003,28.0293198992,2940.4239697461,0.1407074667,1
1120,24904.6246684156,53.3197897961,3376.9074652494,0.13559359,0
1121,66068.6350357719,35.9187838733,5626.8693398919,0.0851670288,0
1122,36126.231092494,40.7079118597,3805.8027214255,0.1053473503,0
1123,23626.7267889343,34.2933534533,2173.7676901032,0.092004606,0
1124,30200.2432569861,62.7825701418,4871.6775761898,0.1613125277,0
1125,65569.7852419689,62.2321589217,12494.2672598523,0.1905491563,0
1126,20617.2610097565,46.5175069789,2224.068134179,0.1078740834,0
1127,25817.4546225928,21.6304703606,3682.8619314123,0.1426500786,1
1128,21448.8279935904,31.795188312,1989.1829763336,0.0927408704,0
1129,69370.17763732,52.3746292959,4605.918773028,0.0663962373,0
1130,34145.7995516248,31.4007989271,4074.95259111,0.1193397913,0
1131,52651.2568630278,57.3202461791,6529.0195223777,0.1240050079,0
1132,40069.3383812904,43.3134618895,3646.051617911,0.0909935568,0
1133,39246.5448868461,48.3220556085,919.114640024,0.023418995,0
1134,56233.7895436212,57.9910856523,9642.092538293,0.1714643921,0
1135,49264.2683256418,19.0065262741,801.7796060179,0.0162750739,0
1136,30451.6361607239,42.1971366778,475.4205917357,0.0156123168,0
1137,28726.9962998107,34.7514377614,3675.8334145446,0.1279574577,1
1138,20113.2534933276,30.1325755571,2507.6497097396,0.1246764831,1
1139,43434.7754274495,52.2058801115,3672.1098282156,0.0845430831,0
1140,59208.7160842493,30.9311519302,11479.4378054928,0.1938808771,1
1141,69310.9572678804,42.1106091836,1590.3258035853,0.0229447964,0
1142,60567.4244393595,40.0412224857,571.93293493,0.0094429133,0
1143,22048.8950423896,53.798252495,4199.0243561842,0.1904414869,0
1144,66733.7102512829,52.9778436059,5366.6407931634,0.0804187385,0
1145,22209.0095095336,22.0062600099,4096.7837144051,0.1844649449,1
1146,49032.6624060981,54.5560719045,1777.9531313068,0.0362605872,0
1147,26558.3610557951,57.833364835,22.3279331778,0.000840712,0
1148,49255.4579675198,36.61814758,4951.9157710881,0.1005353716,0
1149,30218.1512280367,48.0214726762,5914.516662335,0.1957272838,0
1150,56317.0828204602,24.6534822979,8045.4409532237,0.1428596893,1
1151,53825.4305766895,45.3566902177,431.4501612013,0.0080157308,0
1152,34927.9936100356,54.1529471762,1957.0579294028,0.0560312153,0
1153,53287.385024596,59.5599248456,4432.6654444338,0.0831841428,0
1154,32032.5567433611,50.1174370483,4582.9382744498,0.1430712606,0
1155,48405.726805795,47.9328826098,3766.6144347919,0.0778134052,0
1156,46132.9140514135,26.9093987346,3216.4912546542,0.0697222649,0
1157,29049.0714879707,57.782554551,2562.6955538707,0.0882195341,0
1158,68550.6878583692,19.3611887819,3879.6726518436,0.0565956779,0
1159,47474.8196010478,37.8746449519,5083.7282717307,0.1070826243,0
1160,50021.6554081999,23.8166791089,1054.2680847187,0.0210762334,0
1161,64089.1319070943,37.310447582,6272.7884495801,0.097876009,0
1162,28451.7055656761,41.6010754276,1042.8503755962,0.0366533519,0
1163,58132.4712652713,29.3809498511,5491.035601721,0.0944572884,0
1164,30961.1661406234,32.1142866155,162.7955961381,0.0052580576,0
1165,64162.6496147364,53.855563073,6938.0125196846,0.1081316398,0
1166,67470.117022749,52.232637364,12715.2947207366,0.1884581691,0
1167,68263.7662440538,42.6429535118,4124.3304041995,0.0604175631,0
1168,42889.3341613002,57.5066961912,6340.7088547754,0.147838827,0
1169,20155.7923620567,41.9223619555,3489.9571475695,0.1731490921,0
1170,58178.6145735532,49.6927945451,10948.4994895604,0.188187697,0
1171,45735.4556932114,52.8210372371,2944.5373541645,0.0643819398,0
1172,30037.2031331062,38.6849202262,1247.0127910185,0.0415156093,0
1173,64392.5122148357,37.8021822441,4513.2437121378,0.0700895734,0
1174,26291.3757981732,52.4015426175,1094.1775293905,0.0416173554,0
1175,36008.3809983917,20.626216386,3709.3044307035,0.1030122524,0
1176,54953.9796588942,44.6922360216,365.6461851658,0.0066536798,0
1177,28753.325487487,49.4034802741,4990.3690908292,0.17355798,0
1178,41993.9843169414,36.1928164209,6644.3442141089,0.1582213339,0
1179,56696.4585962705,57.5202533887,9686.630306665,0.1708507118,0
1180,51906.0461595654,36.5730408039,10235.2726101919,0.1971884466,0
1181,30939.3933787942,47.8934448012,6115.8223329327,0.1976710486,0
1182,38520.7239701413,56.6737209703,4176.9499552692,0.1084338383,0
1183,33489.0398592688,25.9710440156,3581.6550468119,0.1069500667,0
1184,52836.0064304434,38.2513631764,5671.6443279041,0.1073443038,0
1185,51733.2875099964,24.9149514483,7906.1411788532,0.1528250293,1
1186,41273.771498818,32.0903953831,3299.8850721105,0.0799511397,0
1187,68223.6843090504,28.9904150921,7364.0019447203,0.1079390833,0
1188,28222.8789106011,40.331367794,613.2406201044,0.0217284928,0
1189,21921.3610794395,62.3272301001,1901.143921655,0.0867256333,0
1190,38852.933018934,27.0502941553,7513.1828643576,0.1933749213,1
1191,59621.3676431216,54.1506188624,7014.6227075908,0.1176528313,0
1192,41377.745596692,45.8616615743,5324.0481848522,0.1286693634,0
1193,54405.6249712594,57.141284103,6253.2066766218,0.1149367677,0
1194,60103.0115666799,56.0537720863,2632.2656130319,0.0437959021,0
1195,67528.6542088725,52.8885015543,7877.4151313517,0.1166529264,0
1196,61156.9373798557,31.8024259503,3250.0060835926,0.0531420673,0
1197,42955.6945967488,45.4162291726,2962.825186248,0.0689739792,0
1198,46923.0467732996,36.3395338045,3107.883782418,0.0662336314,0
1199,24951.2574914843,62.0411404804,2544.3560030506,0.101973057,0
1200,26267.5294233486,34.4963862221,59.4691633506,0.0022639801,0
1201,64603.9208793081,33.0618317761,11264.6911597501,0.1743654411,1
